Server1;localhost:8080
Server2;localhost:8081
Server3;localhost:8082
Server4;localhost:8083
Server5;localhost:8084
Server6;localhost:8085
Server7;localhost:8086
Server8;localhost:8087
Server9;localhost:8088
Server10;localhost:8089
Server11;localhost:8090
Server12;localhost:8091
Server13;localhost:8092
Server14;localhost:8093
Server15;localhost:8094
Server16;localhost:8095
Server17;localhost:8096
Server18;localhost:8097
Server19;localhost:8098
Server20;localhost:8099
Server21;localhost:8100
Server22;localhost:8101
Server23;localhost:8102
Server24;localhost:8103
Server25;localhost:8104
Server26;localhost:8105
Server27;localhost:8106
Server28;localhost:8107
Server29;localhost:8108
Server30;localhost:8109
Server31;localhost:8110
